IGHV1/OR16-2	IGHV1/OR16-21
IGHV3-23D	IGHV3-23
IGHV3/OR16-7	IGHV3/OR16-19
IGHV3-37	IGHV(III)-44	IGHV(III)-44D	IGHV3/OR16-12
IGHV2-70	IGHV2-70D
IGHV3-30-33	IGHV3-30-52	IGHV3-30-2
IGHV(III)-22-2	IGHV(III)-22-2D
IGHV3-30	IGHV3-30-3	IGHV3-30-5
IGHV(II)-30-21	IGHV(II)-30-41
IGHV3/OR16-10	IGHV3/OR16-20
IGHV1-68D	IGHV1-68
IGHV(II)-30-1	IGHV(II)-30-32	IGHV(II)-30-51
IGHV(II)-43-1D	IGHV(II)-43-1
IGHV(II)-22-1	IGHV(II)-22-1D
IGHV3-29	IGHV3-32	IGHV3-30-22	IGHV3-30-42
IGHV1-69D	IGHV1-69
IGHV(III)/OR16-25	IGHV(III)/OR16-27
IGHV4-30-2	IGHV4-31	IGHV4-30-4
IGHV3/OR16-17	IGHV3/OR16-8
IGHV(III)-67-4	IGHV(III)-67-4D
